First Name,Middle Name,Last Name,Date of Birth,Gender,Locality,Contact,Email,Pin Code,Permanent Address,Police Station,Post Office,Vegetarian,Obtained Marks,Total Marks,Percentage,Class 10 Board,Subject 1,Subject 2,Subject 3,Subject 4,Subject 5,Subject 6,Parent 1 Email,Parent 1 Occupation,Subject 1,Subject 2,Subject 3,Subject 4,Subject 5,Subject 6,Total PCM Marks,Total PCM Class 12,Percentage PCM Class 12
Anindita,,Ghosh,15-08-2004,Female,Urban,+91 7980456257,ganindita10@gmail.com,700035,"24/1,Rajendra Nath Chatterjee Road kolkata-700035
",Barahanagar,Alambazar,Veg,567,700,,wbbse,,,,,,,GSU@GMAIL.COM,JOB,87,84,91,92,98,90,280,280,93.33%
First Name,Middle Name,Last Name,Date of Birth,Gender,Locality,Contact,Email,Pin Code,Permanent Address,Police Station,Post Office,Vegetarian,Obtained Marks,Total Marks,Percentage,Class 10 Board,Subject 1,Subject 2,Subject 3,Subject 4,Subject 5,Subject 6,Parent 1 Email,Parent 1 Occupation,Subject 1,Subject 2,Subject 3,Subject 4,Subject 5,Subject 6,Total PCM Marks,Total PCM Class 12,Percentage PCM Class 12
NIBEDITA,,GHOSH,17-08-2004,Female,Rural,+91 8928975225,NIBEDITA@GMAIL.COM,700035,"RNC ROAD KOL
",Barahanagar,Kolkata,,567,700,,WBBSE,,,,,,,SUMITA@GMAIL.COM,JOB,74,81,78,78,85,85,248,248,82.67%
